Query	Postgres_fdw
q1018612	294
q10220614	236
q10223864	600
q105742741	17866
q107654752	13798
q10862842	500
q10895	39
q10993951	629
q109961	66
q1100297	85
q1104151	452
q11075893	680
q1112747282	20042
q1116000	128164
q11206879551	413226
q113925678	229799
q11637523617	368627
q11947976	326
q1356723	200
q13971410	677
q144017	52
q14413	175
q1458075	249
q1459345	224
q1490297	137
q154355934	5808
q155561	137
q155696936	140391
q15677331	22765
q1570429	360
q1582060	257
q15887370	1053
q16049150	328
q1633681	337
q1639421	936
q16698	170
q1709781	103
q1717	36
q176191	147
q1771584	271
q17849233970	0
q183537163	6544
q18382871	4324
q1839326	431
q18597973	0
q18762969	643
q1936953	653
q19402569	931
q19424781	1050
q1957551	342
q200	647
q2016238	735
q2034610	417
q209182	116
q2101105	450
q2162683	568
q224	441
q2263957167	79655
q228748307	8392
q232039659	8095
q2323452	288
q233930	108
q245567	93
q2488080	153
q25033	103
q251068	188
q255355807	10067
q26836	144
q2809424	241
q28565	35
q2863626	558481
q2870375	434
q299574955	21306
q303210	183
q312148706	11721
q3136348028	104357
q315516	103
q3169724	376
q326559	1277649
q33955	517221
q35205	214
q354388	379
q3778084	254
q3812589	700
q38686327	1196
q40855663	851
q408599	223402
q4197329	338
q42036	242
q4231593	1797
q4254157	532
q426751	178
q428612	156
q434967	315
q436286	244
q43927632	862
q454094	233
q4582	50
q469	123835
q4801	68
q481420	71
q490921	63704
q5091	107
q52313	94
q537352263	19902
q554302	300
q56205	142
q56359398	2242
q569476	329
q582617	222
q58623592	2364
q593169291	21994
q595820	339593
q5982882	554
q60601561	2846
q6272	4605
q6299	113
q63500	133
q6351775	337
q657592	168
q6672465	501
q692609	229648
q698213	179
q699302	87
q70752	63
q7491903	363
q758411	137
q7661811	481
q780683	723817
q79851	23
q80052528	9465
q82213	165575
q868310	132601
q86914174	3667
q8893	8591
q88962973	13555
q896180	211
q913441	178
q914210	269
q96484	7901
q978405	623
q9812	86
q986987	106
