Query	Native	Postgres_fdw	NativeML	Classifier	VariBO
1	131063	200583	134666	137857	47620
10	271415	13783	199154	335864	106874
11	253642	453	208043	204766	91784
12	0	0	0	0	0
13	36559	383	31588	13090	11188
14	249381	24600	192403	69927	62213
15	23912	3524	18446	27435	9929
16	340966	18450	342176	122817	115682
17	40807	11649	33601	38708	13257
18	29581	3858	39979	29112	13447
19	0	0	0	0	0
2	36630	2561	32535	34550	16242
20	301769	19592	308963	298004	117267
21	294729	14927	298178	257304	177398
22	245457	12890	210420	227532	74862
23	0	0	0	0	0
24	0	0	0	0	0
25	249265	0	175216	218382	83783
26	33762	18	33678	45958	15243
27	0	0	0	0	0
28	19481	21	19551	18386	9087
29	261800	438	195840	142477	97838
3	140462	222267	54114	123162	47990
30	0	0	0	0	0
4	139589	220321	148094	149901	47689
5	312042	7235	243374	337525	124842
6	126748	193031	48785	124793	46247
7	126382	188692	48885	117893	43146
8	299503	13918	229527	289285	110756
9	10890	25202	4747	13272	5002
